{
  "VAL_uncalibrated": {
    "acc": 0.6212765957446809,
    "auc": 0.6436435185185185,
    "prauc": 0.5460616598657808,
    "brier": 0.26164411754909356
  },
  "TEST_uncalibrated": {
    "acc": 0.5925531914893617,
    "auc": 0.6006851851851852,
    "prauc": 0.4781691753439838,
    "brier": 0.2901441733712746
  },
  "VAL_isotonic": {
    "acc": 0.6287234042553191,
    "auc": 0.6584074074074074,
    "prauc": 0.54862857905977,
    "brier": 0.22450646780787997
  },
  "TEST_isotonic": {
    "acc": 0.5882978723404255,
    "auc": 0.5986064814814815,
    "prauc": 0.48410366743695343,
    "brier": 0.24796026616934547
  }
}