patient_id,cohort,oas2_effb3_p14_mean,slice_preds_plus_mean,patient_preds_plus_mean,oas2_effb3_mean
DEMO_000,OAS1,0.6745071229516849,0.42957884210975716,0.39807533194983646,0.49834259132122255
DEMO_001,OAS1,0.5792603548243223,0.5813840065378947,0.5971370998892911,0.5966383884564799
DEMO_002,OAS1,0.6971532807151039,0.43048734607813066,0.41379638867181845,0.40735096338665455
DEMO_003,OAS1,0.8284544784612038,0.4301405369644615,0.33815444479970636,0.6363547027518508
DEMO_004,OAS2,0.5648769937914996,0.5362943407349051,0.7698473153382331,0.4899041965121792
DEMO_005,OAS2,0.5648794564576229,0.21300796330133032,0.5161335549270197,0.5362459375310085
DEMO_006,OAS2,0.8368819223261087,0.24126232512304507,0.5601292307031887,0.48974400816559044
DEMO_007,OAS2,0.7151152093729363,0.4156568706138541,0.33628777206798155,0.8578417276763406
